Price,Link,CPU Name,CPU Achitecture,CPU Core,CPU Thread,CPU Cache,CPU Base Clock,CPU Max Clock,RAM,Memory Type,Max DDR Support,Storage,Storage Type,GPU Name,GPU VRAM,IGPU Cloock,Display Type,Display Size,Display Resolution,Display Frequency,Display Color,OS
43999000,https://hacom.vn/laptop-lenovo-thinkpad-x1-carbon-gen-11-21hm009pvn-i7-1355u-16gb-ram-512gb-ssd-14-wuxga-win11-pro-den,i7-1355U,7,10.0,12.0,12,5.0,5.0,16GB,LPDDR5,5.0,512GB,SSD,,,,IPS,"14""",1920X1200,,100% SRGB,11
20599000,https://hacom.vn/laptop-hp-probook-450-g10-9h1n5pt-i5-1335u-16gb-ram-512gb-ssd-15.6-fhd-win11-bac,i5-1335U,7,10.0,12.0,12,4.6,4.6,16 GB,DDR4,5.0,512GB,SSD,,,,IPS,"15.6""",1920 X 1080,,45% NTSC,11
44990000,https://hacom.vn/laptop-msi-prestige-16-studio-a13ve-214vn-i7-13700h-16gb-ram-1tb-ssd-rtx4050-6g-16.0-inch-qhd-165-win11-xam-vo-nhom,i7-13700,7,16.0,24.0,30,1.5,5.1,16GB,LPDDR5,5.0,1TB,SSD,,,,IPS,16.0-INCH,2560X1600,165HZ,,11
18799000,https://hacom.vn/laptop-hp-probook-450-g10-9h1n4pt-i5-1335u-8gb-ram-512gb-ssd-15.6-fhd-win11-bac,i5-1335U,7,10.0,12.0,12,4.6,4.6,8 GB,DDR4,5.0,512GB,SSD,,,,IPS,"15.6""",1920 X 1080,,45% NTSC,11
21999000,https://hacom.vn/laptop-asus-vivobook-a1505va-l1201w-i9-13900h-16gb-ram-512gb-ssd-15.6-oled-win11-den,i9-13900,7,24.0,32.0,36,1.5,5.2,16GB,DDR4,5.0,512GB,SSD,,,,IPS,15.6 INCH,1920 X 1080,60HZ,100% DCI-P3,11
40999000,https://hacom.vn/microsoft-surface-surface-pro-9-i7-1255u-16gb-ram-256gb-ssd-13-win11-bac-bao-hanh-tai-hacom,i7-1255U,7,10.0,12.0,12,4.7,4.7,16GB,,5.0,256GB,SSD,,,,,13 INCH,,,,11
19499000,https://hacom.vn/laptop-acer-aspire-7-a715-76-728x-nh.qgesv.008-i7-12650h-16gb-ram-512gb-ssd-15.6-inch-fhd-win11-den-2023,i7-12650H,7,10.0,16.0,24,4.7,4.7,32GB,DDR4,5.0,512GB,SSD,,,,IPS,15.6-INCH,1920 X 1080,60HZ,,11
18999000,https://hacom.vn/laptop-lenovo-thinkpad-e16-gen-1-21jn005kva-i5-1335u-16gb-ram-512gb-ssd-16-wuxga-dos-den,i5-1335U,7,10.0,12.0,12,4.6,4.6,16GB,DDR4,5.0,512GB,SSD,,,,IPS,"16""",1920X1200,,45% NTSC,0
44999000,https://hacom.vn/laptop-lenovo-yoga-9-14imh9-83ac000svn-ultra7-155h-16gb-ram-1tb-ssd-14-2.8k-cam-ung-win11-office-h-s-xanh,155H,0,16.0,22.0,24,0.9,4.8,16GB,LPDDR5,5.0,1TB,SSD,,,,IPS,"14""",2880X1800,120HZ,100% DCI-P3,0
85999000,https://hacom.vn/laptop-dell-mobile-precision-workstation-7680-vpro-71024676-i9-13950hx-32gb-ram-1tb-ssd-rtx2000-ada-8gb-16-inch-fhd-win-11-pro-xam,i9-13950HX,7,24.0,32.0,36,5.5,5.5,64GB,DDR5,5.0,1TB,SSD,,,,IPS,16-INCH,1920X1200,60HZ,45% NTSC,11
25999000,https://hacom.vn/laptop-lenovo-ideapad-slim-5-16imh9-83dc001svn-core-ultra7-155h-32gb-ram-512gb-ssd-16-oled-2k-win11-xam,155H,0,16.0,22.0,24,0.9,4.8,32GB,LPDDR5,5.0,512GB,SSD,,,,OLED,"16""",2048X1280,120HZ,100% DCI-P3,11
21999000,https://hacom.vn/laptop-dell-inspiron-3530-p16wd-i7-1355u-16gb-1tb-ssd-15.6fhd-win11-officehs21-bac,i7-1355U,7,10.0,12.0,12,5.0,5.0,16GB,DDR4,5.0,1TB,SSD,,,,IPS,15.6INCH,1920 X 1080,120HZ,,11
21499000,https://hacom.vn/laptop-dell-inspiron-14-7430-2-in-1-cn29d-i7-1355u-16gb-ram-1tb-ssd-14.0-inch-fhd-cam-ung-win11-bac-vo-nhom-nk_bao-hanh-tai-hacom,i7-1355U,7,10.0,12.0,12,5.0,5.0,16GB,LPDDR5,5.0,1TB,SSD,,,,IPS,14.0-INCH,1920X1200,,,11
28499000,https://hacom.vn/laptop-lenovo-yoga-slim-7-14imh9-83cv001vvn-ultra7-155h-32gb-ram-1tb-ssd-14-wuxga-win11-office-h-s-xam,155H,0,16.0,22.0,24,0.9,4.8,32GB,DDR5,5.0,1TB,SSD,,,,IPS,"14""",1920X1200,60HZ,100% DCI-P3,0
32999000,https://hacom.vn/laptop-asus-zenbook-ux3405ma-pp152w,155H,0,16.0,22.0,24,0.9,4.8,32GB,LPDDR5,5.0,512GB,SSD,,,,IPS,14.0-INCH,2880 X 1800,,,11
12999000,https://hacom.vn/laptop-acer-aspire-3-a315-59-51x8-nx.k6tsv.00f-core-i5-1235u-8gb-ram-512gb-ssd-15.6-inch-fhd-win-11-bac,i5-1235U,7,10.0,12.0,12,4.4,4.4,32GB,DDR4,5.0,512GB,SSD,,,,LCD,15.6-INCH,1920x1080,,,11
21999000,https://hacom.vn/laptop-lenovo-ideapad-slim-5-16imh9-83dc001rvn-ultra5-125h-16gb-ram-512gb-ssd-16-oled-2k-win11-xam,125H,0,14.0,18.0,18,0.7,4.5,16GB,LPDDR5,5.0,512GB,SSD,,,,OLED,"16""",2048X1280,120HZ,100% DCI-P3,11
11499000,https://hacom.vn/laptop-dell-vostro-3520-f0v0v256-i5-1235u-8gb-ram-256gb-ssd-15.6-inch-fhd-dos-den-nk_bao-hanh-tai-hacom,i5-1235U,7,10.0,12.0,12,4.4,4.4,16GB,DDR4,5.0,256GB,SSD,,,,IPS,15.6-INCH,1920 X 1080,120HZ,,0
15990000,https://hacom.vn/laptop-msi-modern-14-c13m-458vn-i5-1335u-8gb-ram-512gb-ssd-14.0-inch-fhd-win11-den,i5-1335U,7,10.0,12.0,12,4.6,4.6,8GB,DDR4,5.0,512GB,SSD,,,,IPS,14.0-INCH,1920X1080,30HZ,,11
14999000,https://hacom.vn/laptop-lenovo-ideapad-slim-3-15iah8-83er000fvn-i5-12450h-16gb-ram-1tb-ssd-15.6-fhd-win11-xam,i5-12450H,7,8.0,12.0,12,4.4,4.4,16GB,LPDDR5,5.0,1TB,SSD,,,,IPS,"15.6""",1920X1080,,,11
21989000,https://hacom.vn/laptop-acer-travelmate-p4-tmp414-51-50hx-nxvp2sv00t-win-11-xanh-nhom,i5-1135G7,10,4.0,8.0,8,0.9,4.2,32GB,DDR4,4.0,512GB,SSD,,,,IPS,14.0 INCH,1920x1080,,,0
29499000,https://hacom.vn/laptop-lenovo-thinkpad-p16s-g1-21bt005sva-i5-1240p-24gb-ram-512gb-ssd-16-wuxga-t550-4gb-dos-den,i5-1240P,7,12.0,16.0,12,4.4,4.4,32GB,DDR4,5.0,512GB,SSD,,,,IPS,"16""",1920X1200,60HZ,100% SRGB,0
22799000,https://hacom.vn/laptop-asus-vivobook-s3405va-km071w-i9-13900h-16gb-ram-512gb-ssd-14-2.8k-oled-win11-den,i9-13900,7,24.0,32.0,36,1.5,5.2,16GB,DDR4,5.0,512GB,SSD,,,,IPS,"14""",2880 X 1800,90HZ,DCI-P3:100%,11
15999000,https://hacom.vn/laptop-dell-inspiron-3530-n3530-i5u085w11slu-i5-1335u-8gb-512gb-ssd-15.6-inch-fhd-120hz-win11-officehs21-bac,i5-1335U,7,10.0,12.0,12,4.6,4.6,8GB,DDR4,5.0,512GB,SSD,,,,IPS,15.6-INCH,1920 X 1080,120HZ,,11
26999000,https://hacom.vn/laptop-lenovo-thinkpad-t14-gen-4-i5-1335u-16gb-ram-512gb-ssd-14-wuxga-dos-den,i5-1335U,7,10.0,12.0,12,4.6,4.6,48GB,DDR5,5.0,512GB,SSD,,,,IPS,14.0INCH,1920X1200,60HZ,,0
12999000,https://hacom.vn/laptop-lenovo-thinkpad-e14-g4-21e300dsva-i7-1255u-8gb-ram-512gb-ssd-14.0-fhd-dos-den,i7-1255U,7,10.0,12.0,12,4.7,4.7,8GB,DDR4,5.0,512GB,SSD,,,,IPS,14 INCH,1920X1080,,45% NTSC,0
21499000,https://hacom.vn/laptop-hp-pavilion-15-eg3112tu-8u6l9pa-i7-1355u-16gb-ram-512gb-ssd-15.6-fhd-win11-bac,i7-1355U,7,10.0,12.0,12,5.0,5.0,16GB,DDR4,5.0,512GB,SSD,,,,IPS,"15.6""",1920 X 1080,60HZ,",45% NTSC",11
23990000,https://hacom.vn/laptop-msi-modern-15-a11m-1023vn-i5-1155g7-8gb-ram-512gb-ssd-15.6-inch-fhd-win11-vo-nhom-xam,i5-1155G7,10,4.0,8.0,8,1.0,4.5,64GB,DDR4,4.0,512GB,SSD,,,,IPS,15.6-INCH,1920x1080,60HZ,,0
29499000,https://hacom.vn/laptop-lenovo-thinkpad-p14s-g3-21ak006tva-i5-1240p-24gb-ram-512gb-ssd-14-2.2k-t550-4gb-dos-den,i5-1240P,7,12.0,16.0,12,4.4,4.4,32GB,DDR4,5.0,512GB,SSD,,,,IPS,"14""",2240X1400,60HZ,100% SRGB,0
22699000,https://hacom.vn/laptop-asus-vivobook-tp3402va-lz118w-i9-13900h-16gb-ram-512gb-ssd-14-cam-ung-win11-bac,i9-13900,7,24.0,32.0,36,1.5,5.2,16GB,DDR4,5.0,512GB,SSD,,,,IPS,14.0-INCH,1920 X 1200,,45% NTSC,11
48999000,https://hacom.vn/laptop-asus-zenbook-duo-ux8406ma-pz307w-ultra7-155h-16gb-ram-512b-ssd-14-3k-cam-ung-win11-xam-but-tui-cap,155H,0,16.0,22.0,24,0.9,4.8,16GB,LPDDR5,5.0,512GB,SSD,,,,OLED,14 INCH,2880 X 1800,120HZ,100% DCI-P3,11
96999000,https://hacom.vn/laptop-dell-mobile-precision-workstation-5680-vpro-enterprise-71024680-i9-13900h-32gb-ram-1tb-ssd-rtx2000-ada-8gb-16-inch-fhd-win-11-pro-xam,i9-13900,7,24.0,32.0,36,1.5,5.2,64 GB,DDR5,5.0,1TB,SSD,,,,IPS,16-INCH,1920X1200,60HZ,100% DCI-P3,11
49999000,https://hacom.vn/laptop-lenovo-yoga-9-pro-14irp9-83bu002xvn-i9-13905h-32gb-ram-1tb-ssd-14.5-3k-rtx4060-8gb-win11-office-h-amp-s-xanh,i9-13905H,7,14.0,20.0,24,5.4,5.4,32GB,LPDDR5,5.0,1TB,SSD,4060,8,,LED,"14.5""",3072X1920,165HZ,100% SRGB,11
23999000,https://hacom.vn/laptop-hp-probook-450-g10-9h1n8pt-i5-1335u-16gb-ram-512gb-ssd-15.6-fhd-rtx2050-4gb-win11-bac,i5-1335U,7,10.0,12.0,12,4.6,4.6,16 GB,DDR4,5.0,512GB,SSD,,,,IPS,"15.6""",1920 X 1080,,45% NTSC,11
17999000,https://hacom.vn/laptop-dell-inspiron-3530-n5i5007w1-i5-1335u-16gb-ram-512gb-ssd-15.6-inch-fhd-120hz-win11-officehs21-bac,i5-1335U,7,10.0,12.0,12,4.6,4.6,16GB,DDR4,5.0,512GB,SSD,,,,,15.6-INCH,1920 X 1080,120HZ,,11
22999000,https://hacom.vn/laptop-lenovo-yoga-6-14irh8-83e0000vvn-i7-13700h-16gb-ram-512gb-ssd-14-wuxga-oled-win11-office-h-amp-s-xam,i7-13700,7,16.0,24.0,30,1.5,5.1,16GB,LPDDR5,5.0,512GB,SSD,,,,IPS,"14""",1920X1200,60HZ,100% DCI-P3,11
23499000,https://hacom.vn/laptop-acer-swift-go-ai-gen-2-sfg14-73-53x7-nx.kslsv.001-ultra-5-125h-16gb-ram-512gb-ssd-14.0-inch-ips-2.8k-win11-bac-vo-nhom-2024,125H,0,14.0,18.0,18,0.7,4.5,32GB,LPDDR5,5.0,512GB,SSD,,,,IPS,14.0-INCH,2560x1440,120HZ,SRGB100%,11
11999000,https://hacom.vn/laptop-dell-vostro-3520-gd02r-i5-1135g7-8gb-ram-512gb-ssd-15.6-inch-fhd-120hz-dos-den-nk_bao-hanh-tai-hacom,i5-1135G7,10,4.0,8.0,8,0.9,4.2,16GB,DDR4,4.0,512GB,SSD,,,,IPS,15.6-INCH,1920 X 1080,120HZ,,0
26499000,https://hacom.vn/laptop-acer-swift-go-ai-gen-2-sfg14-73-71zx-nx.kslsv.002-ultra-7-155h-16gb-ram-512gb-ssd-14.0-inch-ips-2.8k-win11-bac-vo-nhom-2024,155H,0,16.0,22.0,24,0.9,4.8,32GB,LPDDR5,5.0,512GB,SSD,,,,IPS,14.0-INCH,2560x1440,120HZ,SRGB100%,11
27999000,https://hacom.vn/laptop-lenovo-yoga-slim-7-14imh9-83cv001uvn-ultra7-155h-32gb-ram-512gb-ssd-14-wuxga-win11-office-h-s-xam,155H,0,16.0,22.0,24,0.9,4.8,32GB,DDR5,5.0,512GB,SSD,,,,IPS,"14""",1920X1200,60HZ,100% DCI-P3,0
16799000,https://hacom.vn/laptop-hp-15-fd0235tu-9q970pa-i5-1334u-16gb-ram-512gb-ssd-15.6-fhd-win11-bac,i5-1334U,7,10.0,12.0,12,4.6,4.6,16GB,DDR4,5.0,512GB,SSD,,,,,"15.6""",1920x1080,,45%NTSC,11
26799000,https://hacom.vn/laptop-asus-zenbook-ux3405ma-pp151w,125H,0,14.0,18.0,18,0.7,4.5,16GB,LPDDR5,5.0,512GB,SSD,,,,IPS,14.0-INCH,2880 X 1800,,,11
23499000,https://hacom.vn/laptop-hp-probook-440-g10-9h8u9pta-i7-1355u-16gb-ram-512gb-ssd-14-fhd-win11-bac,i7-1355U,7,10.0,12.0,12,5.0,5.0,32GB,DDR4,5.0,512GB,SSD,,,,IPS,"14""",1920X1080,,45% NTSC,11
35999000,https://hacom.vn/laptop-asus-zenbook-ux3405ma-pp475w-ultra-9-185h-32gb-ram-1tb-ssd-14-oled-win11-tui-xanh,185H,0,16.0,22.0,24,1.8,5.1,32GB,LPDDR5,5.0,1TB,SSD,,,,IPS,14.0-INCH,2880 X 1800,,,11
20499000,https://hacom.vn/laptop-lenovo-thinkpad-e16-gen-1-21jn00fkva-i5-13500h-16gb-ram-512gb-ssd-16-wuxga-dos-den,i5-13500,7,14.0,20.0,24,1.8,4.8,48GB,DDR4,5.0,512GB,SSD,,,,IPS,"16""",1920X1200,,45% NTSC,0
21999000,https://hacom.vn/laptop-acer-aspire-5-a515-58m-951t-nx.kq8sv.001-i9-13900h-16gb-ram-512gb-ssd-15.6-inch-fhd-ips-win11-xam-2023,i9-13900,7,24.0,32.0,36,1.5,5.2,16GB,LPDDR5,5.0,512GB,SSD,,,,IPS,15.6-INCH,1920x1080,60HZ,",45% NTSC",11
15999000,https://hacom.vn/laptop-hp-15-fd0237tu-9q972pa-i5-1334u-8gb-ram-512gb-ssd-15.6-fhd-win11-bac,i5-1334U,7,10.0,12.0,12,4.6,4.6,8GB,DDR4,5.0,512GB,SSD,,,,,15.6INCH,1920X1080,,45% NTSC,11
25489000,https://hacom.vn/laptop-acer-travelmate-p4-tmp414-51g-59r6-nxvp9sv001-win-11-xanh-nhom,i5-1135G7,10,4.0,8.0,8,0.9,4.2,32GB,DDR5,4.0,512GB,SSD,,,,IPS,14.0 INCH,1920x1080,,,0
58999000,https://hacom.vn/laptop-asus-zenbook-duo-ux8406ma-pz142w-ultra9-185h-32gb-ram-1tb-ssd-14-3k-cam-ung-win11-xam-but-tui-cap,185H,0,16.0,22.0,24,1.8,5.1,32GB,LPDDR5,5.0,1TB,SSD,,,,IPS,14 INCH,2880 X 1800,120HZ,100% DCI-P3,11
17999000,https://hacom.vn/laptop-dell-vostro-3430-71021669-i5-1335u-16gb-ram-512gb-ssd-14.0fhd-win11-officehs21-xam,i5-1335U,7,10.0,12.0,12,4.6,4.6,16GB,DDR4,5.0,512GB,SSD,,,,IPS,14.0-INCH,1920 X 1080,,,11
18999000,https://hacom.vn/laptop-lenovo-thinkpad-e16-gen-1-21jn0062va-i5-1335u-8gb-ram-512gb-ssd-16-wuxga-dos-den,i5-1335U,7,10.0,12.0,12,4.6,4.6,8GB,DDR4,5.0,512GB,SSD,,,,IPS,"16""",1920X1200,,45% NTSC,0
56999000,https://hacom.vn/laptop-hp-envy-16-h0206tx-7c0t3pa-i9-12900h-16gb-ram-512gb-ssd-16-uhd-oled-rtx3060-6gb-win11-bac,i9-12900,7,16.0,24.0,30,1.8,5.0,32GB,DDR5,5.0,512GB,SSD,3060,12,,OLED,"16""",3840 X 2400,,100% DCI-P3,11
45999000,https://hacom.vn/laptop-gigabyte-gaming-aorus-17-bkf-73vn254sh-i7-13700h-16gb-ram-1tb-ssd-rtx4050-6g-17.3-inch-fhd-144hz-win-11-den,i7-13700,7,16.0,24.0,30,1.5,5.1,64GB,DDR5,5.0,1TB,SSD,4060,8,,IPS,17.3-INCH,1980 X 1080,144HZ,100% SRGB,11
28999000,https://hacom.vn/laptop-hp-gaming-victus-16-r0129tx-8c5n4pa-i7-13700h-16gb-ram-512gb-ssd-16-fhd-144hz-rtx3050-4gb-win11-den,i7-13700,7,16.0,24.0,30,1.5,5.1,16GB,DDR5,5.0,512GB,SSD,,,,IPS,"16""",1920x1080,144HZ,45% NTSC,11
20999000,https://hacom.vn/laptop-dell-gaming-g15-5525-g15-5525-r5h085w11gr3050-win11-officehs21-xam-den,Ryzen 5 6600H,6,6.0,12.0,19,3.3,4.5,32GB,DDR5,5.0,512GB,SSD,,,,IPS,15.6-INCH,1920 X1080,120HZ,,11
59999000,https://hacom.vn/laptop-asus-gaming-rog-strix-scar-g814jir-n6007w-i9-14900hx-32gb-ram-1tb-ssd-18-wqxga-240hz-rtx-4070-8gb-win11-xam-balo,i9-14900,7,24.0,32.0,36,1.5,5.4,32GB,DDR5,5.0,1TB,SSD,4070,12,,IPS,18-INCH,2560 X 1600,240HZ,100% DCI-P3,11
51999000,https://hacom.vn/laptop-lenovo-legion-5-pro-16irx8-82wk00anvn-i9-13900hx-16gb-ram-1tb-ssd-16-wqxga-165hz-rtx-4070-8g-win11-xam,i9-13900,7,24.0,32.0,36,1.5,5.2,32GB,DDR5,5.0,1TB,SSD,4070,12,,IPS,"16""",2560X1600,165HZ,100% SRGB,11
79499000,https://hacom.vn/laptop-msi-gaming-stealth-18-ai-studio-a1vgg-xxx-core-ultra-9-185h-32gb-ram-2tb-ssd-rtx4070-8g-18.0-inch-uhd-120hz-win11-den-2024,185H,0,16.0,22.0,24,1.8,5.1,32GB,DDR5,5.0,2TB,SSD,4070,12,,IPS,18.0-INCH,3840X2400,120HZ,100% DCI-P3,11
54999000,https://hacom.vn/laptop-msi-creator-z16p-b12ugst-044vn-xam-2022,i7-12700,7,12.0,20.0,25,1.6,4.8,64GB,DDR4,5.0,2TB,SSD,3070,8,,IPS,16.0 INCH,2560x1440,165HZ,100%DCI-P3,11
92990000,https://hacom.vn/laptop-msi-raider-18-hx-a14vhg-230vn-i9-14900hx-ram-32gb-ssd-2tb-rtx-4080-12gb-gddr6-18-inch-win11-black,i9-14900,7,24.0,32.0,36,1.5,5.4,32GB,DDR5,5.0,2TB,SSD,4080,16,,IPS,18-INCH,3840X2400,120HZ,100%DCI-P3,11
109999000,https://hacom.vn/laptop-msi-gaming-ge78-hx-raider-13vh-076vn-i9-13950hx-64gb-ram-4tb-ssd-rtx4080-12g-17.3-inch-qhd-240hz-win11-den,i9-13950HX,7,24.0,32.0,36,5.5,5.5,64GB,DDR5,5.0,4TB,SSD,4080,16,,IPS,17.3-INCH,2560 X 1600,240HZ,100% DCI-P3,11
74990000,https://hacom.vn/laptop-msi-stealth-16-studio-a13vg-057vn-i9-13900h-32gb-ram-2tb-ssd-rtx4070-8g-16uhd-120hz-win-11-xanh-blue-star-balo-trooper,i9-13900,7,24.0,32.0,36,1.5,5.2,64GB,DDR5,5.0,2TB,SSD,4070,12,,IPS,16 INCH,3840X2160,120HZ,100% DCI-P3,11
59999000,https://hacom.vn/laptop-msi-gaming-gs77-stealth-12uh-075vn-win-11-2022,i9-12900,7,16.0,24.0,30,1.8,5.0,64GB,DDR5,5.0,2TB,SSD,3080,12,,IPS,17.3 INCH,2560x1440,240HZ,DCI-P3 100%,0
21999000,https://hacom.vn/laptop-gigabyte-gaming-g5-mf5-52vn353sh-i5-13500h-16gb-ram-512gb-ssd-rtx4050-6g-15.6-inch-fhd-144hz-win-11-den,i5-13500,7,14.0,20.0,24,1.8,4.8,64GB,DDR4,5.0,512GB,SSD,,,,IPS,15.6-INCH,1920X1080,144HZ,72% NTSC,11
19999000,https://hacom.vn/laptop-gigabyte-gaming-g5-mf-f2vn313sh,i5-12450H,7,8.0,12.0,12,4.4,4.4,64GB,DDR4,5.0,512GB,SSD,,,,IPS,15.6 INCH,1920X1080,144HZ,",72% NTSC",11
124999000,https://hacom.vn/laptop-lenovo-legion-9-16irx8-83ag0047vn-i9-13980hx-64gb-ram-2tb-ssd-16-3.2k-165hz-rtx-4090-16g-win11-xam,i9-13980HX,7,24.0,32.0,36,5.6,5.6,64GB,DDR5,5.0,2TB,SSD,4090,24,,IPS,"16""",3200X2000,165HZ,100% DCI-P3,11
51799000,https://hacom.vn/laptop-acer-gaming-predator-helios-16-phn16-72-71um-nh.qnmsv.002-i7-14700hx-16gb-ram-1tb-ssd-rtx4070-8g-16-inch-2k-240hz-win-11-den,i7-14700,7,20.0,28.0,33,1.5,5.3,32GB,DDR5,5.0,1TB,SSD,4070,12,,IPS,16-INCH,2560 X 1600,240HZ,DCI-P3 100%,11
29599000,https://hacom.vn/laptop-msi-gaming-cyborg-15-ai-a1vek-053vn-core-ultra-7-155h-16gb-512gb-ssd-rtx-4050-6gb-15.6-inch-fhd-144hz-ips-win11-den-2024,155H,0,16.0,22.0,24,0.9,4.8,16GB,DDR5,5.0,512GB,SSD,,,,IPS,15.6-INCH,1920X1080,144HZ,,11
84990000,https://hacom.vn/laptop-msi-creator-z16-hx-studio-b13vgto-062vn-i9-13950hx-64gb-ram-2tb-ssd-rtx4070-8g-16.0-inch-qhd-touch-win-10-xam-vo-nhom,i9-13950HX,7,24.0,32.0,36,5.5,5.5,64GB,DDR5,5.0,2TB,SSD,4070,12,,IPS,16.0-INCH,2560X1600,120HZ,,11
77990000,https://hacom.vn/laptop-msi-stealth-16-mercedes-amg-motorsport-a13vg-289vn-i9-13900h-32gb-ram-2tb-ssd-rtx4070-8g-16-inch-uhd-oled-win-11-xam-2023,i9-13900,7,24.0,32.0,36,1.5,5.2,64GB,LPDDR5,5.0,2TB,SSD,4070,12,,OLED,16-INCH,3840X2400,60HZ,,11
44999000,https://hacom.vn/laptop-lenovo-legion-5-pro-16irx8-82wk00apvn-i9-13900hx-16gb-ram-1tb-ssd-16-wqxga-165hz-rtx-4060-8g-win11-xam,i9-13900,7,24.0,32.0,36,1.5,5.2,32GB,DDR5,5.0,1TB,SSD,4060,8,,IPS,"16""",2560X1600,165HZ,100% SRGB,11
124999000,https://hacom.vn/laptop-acer-gaming-predator-helios-16-ph16-71-94n1-nh.qjssv.002-i9-13900hx-2-16gb-ram-2tb-ssd-rtx4080-12g-16-inch-2k-240hz-win-11-den-vo-nhom,i9-13900,7,24.0,32.0,36,1.5,5.2,32GB,DDR5,5.0,2TB,SSD,4080,16,,LCD,16-INCH,2560x1600,240HZ,DCI-P3 100%,11
104799000,https://hacom.vn/laptop-acer-gaming-predator-helios-18-ph18-72-908n-nh.qp4sv.001-i9-14900hx-32gb-ram-4tb-ssd-rtx4090-16g-18-inch-2k-250hz-win-11-den,i9-14900,7,24.0,32.0,36,1.5,5.4,32GB,DDR5,5.0,4TB,SSD,4090,24,,IPS,18-INCH,2560 X 1600,250HZ,",DCI-P3 100%",11
26799000,https://hacom.vn/laptop-gigabyte-gaming-aorus-15-9mf-e2vn583sh-i5-12500h-8gb-ram-512gb-ssd-rtx4050-6g-15.6-inch-fhd-360hz-win-11-den,i5-12500,7,6.0,12.0,18,4.6,4.6,64GB,DDR5,5.0,512GB,SSD,,,,IPS,15.6-INCH,1980 X 1080,360HZ,100% SRGB,11
19599000,https://hacom.vn/laptop-gigabyte-gaming-g5-mf-f2ph333sh-i5-12450h-8gb-ram-512gb-ssd-rtx4050-6g-15.6-inch-fhd-144hz-win-11-den,i5-12450H,7,8.0,12.0,12,4.4,4.4,64GB,DDR4,5.0,512GB,SSD,,,,IPS,15.6-INCH,1920X1080,144HZ,",72% NTSC",11
23999000,https://hacom.vn/laptop-gigabyte-gaming-g5-mf5-h2vn353sh-i7-13620h-16gb-ram-512gb-ssd-rtx4050-6g-15.6-inch-fhd-144hz-win-11-den,i7-13620H,7,10.0,16.0,24,4.9,4.9,64GB,DDR5,5.0,512GB,SSD,,,,IPS,15.6-INCH,1920X1080,144HZ,72% NTSC,11
89990000,https://hacom.vn/laptop-msi-gaming-ge68-hx-raider-14vig-496vn-i9-14900hx-32gb-ram-2tb-ssd-rtx4090-16gb-16.0-inch-qhd-240hz-win11-den-2024,i9-14900,7,24.0,32.0,36,1.5,5.4,32GB,DDR5,5.0,2TB,SSD,4090,24,,IPS,16.0-INCH,2560 X 1600,240HZ,100% DCI-P3,11
78799000,https://hacom.vn/laptop-acer-gaming-predator-helios-16-predator-helios-16-ph16-72-95zm-nh.qnzsv.008-i9-14900hx-32gb-ram-2tb-ssd-rtx4080-12g-16-inch-2k-250hz-win-11-den,i9-14900,7,24.0,32.0,36,1.5,5.4,32GB,DDR5,5.0,2TB,SSD,4080,16,,IPS,16-INCH,2560 X 1600,250HZ,DCI-P3 100%,11
24799000,https://hacom.vn/laptop-gigabyte-g5-kf5-53vn383sh-i5-13500h-8gb-512gb-ssd-rtx4060-8g-15.6fhd-144hz-win-11-den,i5-13500,7,14.0,20.0,24,1.8,4.8,64GB,DDR5,5.0,512GB,SSD,4060,8,,IPS,15.6 INCH,1920X1080,144HZ,72% NTSC,11
74999000,https://hacom.vn/laptop-asus-gaming-rog-zephyrus-gu605mi-qr116w-ultra-core-i9-185h-32gb-ram-1tb-ssd-16-qhd-240hz-rtx-4070-8gb-win11-xam-tui,185H,0,16.0,22.0,24,1.8,5.1,32GB,LPDDR5,5.0,1TB,SSD,4070,12,,OLED,,2560x1440,240HZ,DCI-P3 100%,11
63999000,https://hacom.vn/laptop-asus-gaming-rog-zephyrus-gu605mv-qr135w-core-ultra-9-185h-32gb-ram-1tb-ssd-16-qhd-240hz-rtx-4060-8ggb-win11-xam-tui,185H,0,16.0,22.0,24,1.8,5.1,32GB,LPDDR5,5.0,1TB,SSD,4060,8,,IPS,"16""",2560X1600,240HZ,,11
126999000,https://hacom.vn/laptop-acer-gaming-predator-helios-18-ph18-71-94sj-nh.qkrsv.002-i9-13900hx-2-16gb-ram-2tb-ssd-rtx4080-12g-18-inch-2k-240hz-win-11-den-vo-nhom,i9-13900,7,24.0,32.0,36,1.5,5.2,32GB,DDR5,5.0,2TB,SSD,4080,16,,LCD,18-INCH,2560x1600,240HZ,DCI-P3 100%,11
149990000,https://hacom.vn/laptop-msi-gaming-gt77-hx-titan-13vi-077vn-i9-13980hx-64gb-ram-4tb-ssd-rtx4090-16g-17.3-inch-uhd-144hz-win11-den,i9-13980HX,7,24.0,32.0,36,5.6,5.6,128GB,DDR5,5.0,4TB,SSD,4090,24,,IPS,17.3-INCH,3840X2160,144HZ,100% DCI-P3,11
149990000,https://hacom.vn/laptop-msi-gaming-titan-18hx-a14vi-205vn-i9-14900hx-128gb-ram-4tb-ssd-rtx-4090-16gb-18.0-inch-uhd-120hz-win11-den-2024,i9-14900,7,24.0,32.0,36,1.5,5.4,128GB,DDR5,5.0,128GB,SSD,4090,24,,IPS,18.0-INCH,3840X2400,120HZ,100% DCI-P3,11
99999000,https://hacom.vn/laptop-asus-gaming-rog-strix-scar-g634jzr-nm009w-i9-14900hx-64gb-ram-2tb-ssd-16-qhd-240hz-rtx-4080-12gb-win11-den-balo-chuot,i9-14900,7,24.0,32.0,36,1.5,5.4,64GB,DDR5,5.0,2TB,SSD,4080,16,,IPS,16-INCH,2560 X 1600,240HZ,100% DCI-P3,11
49990000,https://hacom.vn/laptop-msi-gaming-stealth-14-ai-studio-a1vfg-050vn-core-ultra-7-155h-32gb-1tb-ssd-rtx4060-8gb-14-inch-2.8k-oled-win11-xanh-2024,155H,0,16.0,22.0,24,0.9,4.8,32GB,DDR5,5.0,1TB,SSD,4060,8,,IPS,14-INCH,2880X1800,120HZ,,11
52019000,https://hacom.vn/laptop-do-hoa-conceptd-3-ezel-pro-cc314-72p-75eg-nxc5ksv001-trang,i7-10750H,14,6.0,12.0,12,2.6,5.0,16GB,DDR4,4.0,1TB,SSD,,,,IPS,14 INCH,1920x1080,60HZ,,0
58999000,https://hacom.vn/laptop-hp-envy-16-h0205tx-7c0t2pa-i9-12900h-32gb-ram-512gb-ssd-16-uhd-oled-rtx3060-6gb-win11-bac,i9-12900,7,16.0,24.0,30,1.8,5.0,32GB,DDR5,5.0,512GB,SSD,3060,12,,OLED,"16""",3840 X 2400,,100% DCI-P3,11
26769000,https://hacom.vn/laptop-asus-gaming-rog-strix-g512-ial001t-den,i7-10750H,14,6.0,12.0,12,2.6,5.0,8GB,DDR4,4.0,512GB,SSD,,,,IPS,15.6 INCH,1920X1080,144HZ,SRGB:67%,10
64990000,https://hacom.vn/laptop-msi-gaming-stealth-16-ai-studio-a1vgg-089vn-core-ultra-9-185h-32gb-ram-2tb-ssd-rtx4070-8gb-16.0-inch-qhd-240hz-win11-xanh-2024,185H,0,16.0,22.0,24,1.8,5.1,32GB,DDR5,5.0,2TB,SSD,4070,12,,IPS,16.0-INCH,2560X1600,240HZ,100% DCI-P3,11
68990000,https://hacom.vn/laptop-msi-creator-z17-a12ugst-051vn-xam-2022,i9-12900,7,16.0,24.0,30,1.8,5.0,64GB,DDR4,5.0,2TB,SSD,3070,8,,IPS,17 INCH,2560x1440,165HZ,DCI-P3 100%,11
135099000,https://hacom.vn/laptop-msi-gaming-gt77-titan-12uhs-204vn-win11-den-2022,i9-12900,7,16.0,24.0,30,1.8,5.0,128GB,DDR5,5.0,128GB,SSD,3080,12,,IPS,"17.3""",3840X2160,120HZ,100% DCI-P3,11
93999000,https://hacom.vn/laptop-msi-gaming-stealth-18-ai-studio-a1vhg-xxx-core-ultra-9-185h-32gb-ram-2tb-ssd-rtx4080-12g-18.0-inch-miniled-120hz-win11-den-2024,185H,0,16.0,22.0,24,1.8,5.1,32GB,DDR5,5.0,2TB,SSD,4080,16,,IPS,18.0-INCH,3840X2400,120HZ,100% DCI-P3,11
49989000,https://hacom.vn/laptop-workstation-hp-zbook-15-g5-3ax12av-i7-8750h-16gb-ram-256gb-ssd-quadro-p2000-156-fhd-dos,i7-8750H,14,6.0,12.0,9,1.7,4.1,16GB,DDR4,4.0,256GB,SSD,,,,IPS,15.6,1920X1080,,,0
16499000,https://hacom.vn/laptop-acer-gaming-aspire-5-a515-58gm-53pz-nx.kq4sv.008-i5-13420h-8gb-ram-512gb-ssd-rtx2050-4gb-15.6-inch-fhd-win11-xam,i5-13420H,7,8.0,12.0,12,4.6,4.6,32GB,DDR4,5.0,512GB,SSD,,,,IPS,15.6-INCH,1920X1080,60HZ,,11
38999000,https://hacom.vn/laptop-acer-gaming-nitro-16-phoenix-an16-41-r76e-nh.qllsv.004-r9-7940hs-16gb-ram-512gb-ssd-rtx4060-8g-16.0-inch-wqxga-165hz-win-11-den-2023,165H,0,16.0,22.0,24,0.9,5.0,32GB,DDR5,5.0,512GB,SSD,4060,8,,IPS,16.0-INCH,2560X1600,165HZ,",SRGB 100%",11
29799000,https://hacom.vn/laptop-asus-gaming-tuf-fx507vv-lp157w-i7-13620h-16gb-ram-512gb-ssd-15.6-fhd-144hz-rtx-4060-8gb-win11-xam,i7-13620H,7,10.0,16.0,24,4.9,4.9,32GB,DDR5,5.0,512GB,SSD,4060,8,,IPS,15.6-INCH,1920 X 1080,144HZ,SRGB 100%,11
117999000,https://hacom.vn/laptop-asus-gaming-rog-strix-scar-g834jyr-r6011w-i9-14900hx-64gb-ram-2tb-ssd-18-wqxga-240hz-rtx-4090-16gb-win11-den-balo,i9-14900,7,24.0,32.0,36,1.5,5.4,64GB,DDR5,5.0,2TB,SSD,4090,24,,IPS,18-INCH,2560 X 1600,240HZ,100% DCI-P3,11
21999000,https://hacom.vn/laptop-gigabyte-g5-kf5-53vn383sh-i5-13500h-8gb-512gb-ssd-rtx-4050-6gb-15.6fhd-144hz-win-11-den,i5-13500,7,14.0,20.0,24,1.8,4.8,64GB,DDR5,5.0,512GB,SSD,,,,IPS,15.6 INCH,1920X1080,144HZ,72% NTSC,11
38999000,https://hacom.vn/laptop-lenovo-legion-5-16irx9-83dg004xvn-i7-13650hx-16gb-ram-512gb-ssd-16-wqxga-165hz-rtx-4060-8g-win11-xam,i7-13650HX,7,14.0,20.0,24,4.9,4.9,64GB,DDR5,5.0,512GB,SSD,4060,8,,IPS,"16""",2560X1600,165HZ,100% DCI-P3,0
26999000,https://hacom.vn/laptop-asus-gaming-tuf-fx507vu-lp198w-i7-13620h-8gb-ram-512gb-ssd-15.6-fhd-144hz-rtx4050-6gb-win11-xam,i7-13620H,7,10.0,16.0,24,4.9,4.9,32GB,DDR5,5.0,512GB,SSD,,,,IPS,15.6-INCH,1920 X 1080,144HZ,,11
25499000,https://hacom.vn/laptop-gigabyte-g5-kf5-53vn353sh-i5-13500h-16gb-512gb-ssd-rtx4060-8g-15.6fhd-144hz-win-11-den,i5-13500,7,14.0,20.0,24,1.8,4.8,64GB,DDR5,5.0,512GB,SSD,4060,8,,IPS,15.6 INCH,1920X1080,144HZ,72% NTSC,11
48999000,https://hacom.vn/laptop-predator-helios-neo-phn16-71-74qr-nh.qlvsv.002-i7-13700hx-16gb-ram-512gb-ssd-rtx4070-8gb-16-inch-fhd-165hz-win11-den,i7-13700,7,16.0,24.0,30,1.5,5.1,32GB,DDR5,5.0,512GB,SSD,4070,12,,IPS,16-INCH,2560 X 1600,165HZ,DCI-P3 100%,11
80299000,https://hacom.vn/laptop-do-hoa-conceptd-7-ezel-cc715-71-7940-nxc5esv002-trang,i7-10875H,14,8.0,16.0,16,2.3,5.1,32GB,DDR4,4.0,1TB,SSD,2060,12,,IPS,15.6 INCH,3840 X 2160,,,0
33999000,https://hacom.vn/laptop-hp-gaming-victus-16-r0127tx-8c5n2pa-i7-13700h-16gb-ram-512gb-ssd-16-fhd-144hz-rtx4060-8gb-win11-den,i7-13700,7,16.0,24.0,30,1.5,5.1,16GB,DDR5,5.0,512GB,SSD,4060,8,,IPS,"16""",1920x1080,144HZ,45% NTSC,11
51999000,https://hacom.vn/laptop-msi-gaming-stealth-14-studio-a13vf-051vn-i7-13700h-16gb-ram-1tb-ssd-rtx4060-8g-14.0-inch-qhd-240hz-win-11-xanh,i7-13700,7,16.0,24.0,30,1.5,5.1,64GB,DDR5,5.0,1TB,SSD,4060,8,,IPS,14.0-INCH,2560X1600,240HZ,100% DCI-P3,11
51990000,https://hacom.vn/laptop-msi-stealth14-ai-studio-a1vfg-085vn-i7-155h-1tb-pcie-ssd-ddr5-16gb-2-rtx-4060-gddr6-8gb-14-16-10-2.8k-oled-120hz-win11-mau-xanh,155H,0,16.0,22.0,24,0.9,4.8,32GB,DDR5,5.0,1TB,SSD,4060,8,,OLED,14INCH,2880X1800,120HZ,100% DCI-P3,0
27799000,https://hacom.vn/laptop-gigabyte-gaming-g6-kf-h3vn853sh-i7-13620h-16gb-ram-512gb-ssd-rtx4060-8g-16.0-inch-fhd-165hz-win-11-den-2024,i7-13620H,7,10.0,16.0,24,4.9,4.9,16GB,DDR5,5.0,512GB,SSD,4060,8,,IPS,16.0-INCH,1920X1200,165HZ,,11
53499000,https://hacom.vn/laptop-lenovo-legion-pro-5-16irx9-83df0046vn-i9-14900hx-32gb-ram-1tb-ssd-16-wqxga-240hz-rtx-4070-8g-win11-xam,i9-14900,7,24.0,32.0,36,1.5,5.4,32GB,DDR5,5.0,1TB,SSD,4070,12,,IPS,"16""",2560X1600,240HZ,100% DCI-P3,0
34999000,https://hacom.vn/laptop-lenovo-legion-slim-5-16aph8-82y9002yvn-r7-7840hs-16gb-ram-512gb-ssd-16-wqxga-165hz-rtx-4060-8g-win11-xam,165H,0,16.0,22.0,24,0.9,5.0,32GB,DDR5,5.0,512GB,SSD,4060,8,,IPS,"16""",2560X1600,165HZ,100% SRGB,11
56799000,https://hacom.vn/laptop-acer-gaming-predator-helios-16-phn16-72-94kc-nh.qnmsv.005-i9-14900hx-16gb-ram-1tb-ssd-rtx4070-8g-16-inch-2k-240hz-win-11-den,i9-14900,7,24.0,32.0,36,1.5,5.4,32GB,DDR5,5.0,1TB,SSD,4070,12,,IPS,16-INCH,2560 X 1600,240HZ,DCI-P3 100%,11
79990000,https://hacom.vn/laptop-msi-stealth-18-ai-studio-a1vgg-008vn-i9-185h-2tb-ssd-ddr5-16gb-2-rtx-4070-gddr6-8gb-18-16-10-uhd-miniled-win11-midnight-black,Ryzen 7 8845HS,4,8.0,16.0,24,3.8,5.1,64GB,DDR5,5.0,2TB,SSD,4070,12,,IPS,15.6INCH,1920 X 1080,144HZ,45%NTSC,0
39990000,https://hacom.vn/laptop-msi-katana-a15-ai-b8ve-465vn-r7-8845hs-1tb-pcie-ssd-ddr5-8gb-2-rtx-4070-gddr6-8gb-15.6-fhd-win11-black,Ryzen 7 8845HS,4,8.0,16.0,24,3.8,5.1,64GB,DDR5,5.0,1TB,SSD,4070,12,,IPS,15.6INCH,1920 X 1080,144HZ,45%NTSC,11
46999000,https://hacom.vn/laptop-lenovo-legion-pro-5-16irx9-83df0047vn-i9-14900hx-32gb-ram-1tb-ssd-16-wqxga-240hz-rtx-4060-8g-win11-xam,i9-14900,7,24.0,32.0,36,1.5,5.4,32GB,DDR5,5.0,1TB,SSD,4060,8,,IPS,"16""",2560X1600,240HZ,100% DCI-P3,0
22490000,https://hacom.vn/laptop-msi-gaming-cyborg-15-a12ve-240vn-i7-12650h-8gb-512gb-ssd-rtx4050-6gb-15.6fhd-144hz-win11-den,i7-12650H,7,10.0,16.0,24,4.7,4.7,64GB,DDR5,5.0,512GB,SSD,,,,IPS,15.6 INCH,1920X1080,144HZ,,11
45999000,https://hacom.vn/laptop-asus-gaming-rog-strix-g614jvr-n4141w-i9-14900hx-32gb-ram-512gb-ssd-16-qhd-240hz-rtx-4060-8gb-win11-xam,i9-14900,7,24.0,32.0,36,1.5,5.4,32GB,DDR5,5.0,512GB,SSD,4060,8,,IPS,16-INCH,2560 X 1600,240HZ,100% DCI-P3,11
35999000,https://hacom.vn/laptop-acer-gaming-predator-helios-neo-phn16-71-53m7-nh.qlusv.005-i5-13500hx-16gb-ram-512gb-ssd-rtx4060-8g-16-inch-fhd-165hz-win-11-den-2023,i5-13500,7,14.0,20.0,24,1.8,4.8,32GB,DDR5,5.0,512GB,SSD,4060,8,,IPS,16-INCH,1920X1200,165HZ,",SRGB 100%",11
52019000,https://hacom.vn/laptop-do-hoa-conceptd-3-ezel-cc314-72g-75sm-nxc5jsv002-trang,i7-10750H,14,6.0,12.0,12,2.6,5.0,16GB,DDR4,4.0,1TB,SSD,,,,IPS,14 INCH,1920x1080,60HZ,,0
97999000,https://hacom.vn/laptop-lenovo-legion-pro-7-16irx9h-83de001mvn-i9-14900hx-32gb-ram-1tb-ssd-16-wqxga-240hz-rtx-4090-16g-win11-den,i9-14900,7,24.0,32.0,36,1.5,5.4,32GB,DDR5,5.0,1TB,SSD,4090,24,,IPS,"16""",2560X1600,240HZ,100% DCI-P3,11
